,book,character,character_firstname
0,Category:Baptism of Fire characters,Adalia,Adalia
1,Category:Baptism of Fire characters,Adela,Adela
2,Category:Baptism of Fire characters,Aen Saevherne,Aen
3,Category:Baptism of Fire characters,Aevenien,Aevenien
4,Category:Baptism of Fire characters,Aglaïs,Aglaïs
5,Category:Baptism of Fire characters,Albrich,Albrich
6,Category:Baptism of Fire characters,Amavet,Amavet
7,Category:Baptism of Fire characters,Angus Bri Cri,Angus
8,Category:Baptism of Fire characters,Anna Kameny,Anna
9,Category:Baptism of Fire characters,Anzelm Aubry,Anzelm
10,Category:Baptism of Fire characters,Artaud Terranova,Artaud
11,Category:Baptism of Fire characters,Asse,Asse
12,Category:Baptism of Fire characters,Assire var Anahid,Assire
13,Category:Baptism of Fire characters,Aubry ,Aubry
14,Category:Baptism of Fire characters,Augusta Wagner,Augusta
15,Category:Baptism of Fire characters,Baron of Casadei,Baron
16,Category:Baptism of Fire characters,Beatrix of Kovir,Beatrix
17,Category:Baptism of Fire characters,Bronik,Bronik
18,Category:Baptism of Fire characters,Brouver Hoog,Brouver
19,Category:Baptism of Fire characters,Cahir Mawr Dyffryn aep Ceallach,Cahir
20,Category:Baptism of Fire characters,Calanthe,Calanthe
21,Category:Baptism of Fire characters,Caleb Stratton,Caleb
22,Category:Baptism of Fire characters,Carduin,Carduin
23,Category:Baptism of Fire characters,Ceallach aep Gruffyd,Ceallach
24,Category:Baptism of Fire characters,Cerro,Cerro
25,Category:Baptism of Fire characters,Ciaran aep Dearbh,Ciaran
26,Category:Baptism of Fire characters,Ciri,Ciri
27,Category:Baptism of Fire characters,Cirilla Fiona ,Cirilla
28,Category:Baptism of Fire characters,Codringher,Codringher
29,Category:Baptism of Fire characters,Coinneach Dá Reo,Coinneach
30,Category:Baptism of Fire characters,Connor,Connor
31,Category:Baptism of Fire characters,Coram I,Coram
32,Category:Baptism of Fire characters,Coram II,Coram
33,Category:Baptism of Fire characters,Corbett,Corbett
34,Category:Baptism of Fire characters,Cosmo Baldenvegg,Cosmo
35,Category:Baptism of Fire characters,Count Lanier,Count
36,Category:Baptism of Fire characters,Cregennan of Lod,Cregennan
37,Category:Baptism of Fire characters,Crispin,Crispin
38,Category:Baptism of Fire characters,Dagorad,Dagorad
39,Category:Baptism of Fire characters,Dandelion,Dandelion
40,Category:Baptism of Fire characters,Daniel Etcheverry,Daniel
41,Category:Baptism of Fire characters,Demavend III,Demavend
42,Category:Baptism of Fire characters,Echel Traighlethan,Echel
43,Category:Baptism of Fire characters,Effenberg,Effenberg
44,Category:Baptism of Fire characters,Eithné,Eithné
45,Category:Baptism of Fire characters,Elan Trahe,Elan
46,Category:Baptism of Fire characters,Elen of Kaedwen,Elen
47,Category:Baptism of Fire characters,Emhyr var Emreis,Emhyr
48,Category:Baptism of Fire characters,Emiel Regis Rohellec Terzieff-Godefroy,Emiel
49,Category:Baptism of Fire characters,Ethain,Ethain
50,Category:Baptism of Fire characters,Falka,Falka
51,Category:Baptism of Fire characters,Falka ,Falka
52,Category:Baptism of Fire characters,Fauve,Fauve
53,Category:Baptism of Fire characters,Field Marshal Windbag,Field
54,Category:Baptism of Fire characters,Figgis Merluzzo,Figgis
55,Category:Baptism of Fire characters,Fiona,Fiona
56,Category:Baptism of Fire characters,Flourens Delannoy,Flourens
57,Category:Baptism of Fire characters,Foltest,Foltest
58,Category:Baptism of Fire characters,Francesca Findabair,Francesca
59,Category:Baptism of Fire characters,Fringilla Vigo,Fringilla
60,Category:Baptism of Fire characters,Geralt of Rivia,Geralt
61,Category:Baptism of Fire characters,Gerhart of Aelle,Gerhart
62,Category:Baptism of Fire characters,Giselher,Giselher
63,Category:Baptism of Fire characters,Goidemar,Goidemar
64,Category:Baptism of Fire characters,Havekar,Havekar
65,Category:Baptism of Fire characters,Hector Laabs,Hector
66,Category:Baptism of Fire characters,Hedwig of Malleore,Hedwig
67,Category:Baptism of Fire characters,Henselt,Henselt
68,Category:Baptism of Fire characters,Houtborg triplets,Houtborg
69,Category:Baptism of Fire characters,Ida Emean aep Sivney,Ida
70,Category:Baptism of Fire characters,Iorweth,Iorweth
71,Category:Baptism of Fire characters,Isengrim Faoiltiarna,Isengrim
72,Category:Baptism of Fire characters,Iskra,Iskra
73,Category:Baptism of Fire characters,Istredd,Istredd
74,Category:Baptism of Fire characters,Ithlinne,Ithlinne
75,Category:Baptism of Fire characters,Jacob Fenn,Jacob
76,Category:Baptism of Fire characters,Jan Lennep,Jan
77,Category:Baptism of Fire characters,Jan Struycken,Jan
78,Category:Baptism of Fire characters,Jolie Lanier,Jolie
79,Category:Baptism of Fire characters,Kayleigh,Kayleigh
80,Category:Baptism of Fire characters,Keira Metz,Keira
81,Category:Baptism of Fire characters,Kolda,Kolda
82,Category:Baptism of Fire characters,Lara Dorren,Lara
83,Category:Baptism of Fire characters,Leo Bonhart,Leo
84,Category:Baptism of Fire characters,Leticia Charbonneau,Leticia
85,Category:Baptism of Fire characters,Lucretia Vigo,Lucretia
86,Category:Baptism of Fire characters,Margarita Laux-Antille,Margarita
87,Category:Baptism of Fire characters,Merlin,Merlin
88,Category:Baptism of Fire characters,Meve,Meve
89,Category:Baptism of Fire characters,Milena ,Milena
90,Category:Baptism of Fire characters,Millet,Millet
91,Category:Baptism of Fire characters,Milva,Milva
92,Category:Baptism of Fire characters,Mistle,Mistle
93,Category:Baptism of Fire characters,Morteisen,Morteisen
94,Category:Baptism of Fire characters,Munro Bruys,Munro
95,Category:Baptism of Fire characters,Muriel,Muriel
96,Category:Baptism of Fire characters,Mykita,Mykita
97,Category:Baptism of Fire characters,Nazarian,Nazarian
98,Category:Baptism of Fire characters,Nimue verch Wledyr ap Gwyn,Nimue
99,Category:Baptism of Fire characters,Ori Reuven,Ori
100,Category:Baptism of Fire characters,Orla,Orla
101,Category:Baptism of Fire characters,Papebrock,Papebrock
102,Category:Baptism of Fire characters,Percival Schuttenbach,Percival
103,Category:Baptism of Fire characters,Philippa Eilhart,Philippa
104,Category:Baptism of Fire characters,Pinto,Pinto
105,Category:Baptism of Fire characters,Radovid V,Radovid
106,Category:Baptism of Fire characters,Reef,Reef
107,Category:Baptism of Fire characters,Reynard Odo,Reynard
108,Category:Baptism of Fire characters,Riannon,Riannon
109,Category:Baptism of Fire characters,Rience,Rience
110,Category:Baptism of Fire characters,Riordain,Riordain
111,Category:Baptism of Fire characters,Roach,Roach
112,Category:Baptism of Fire characters,Robert of Garramone,Robert
113,Category:Baptism of Fire characters,Roger Kameny,Roger
114,Category:Baptism of Fire characters,Sabrina Glevissig,Sabrina
115,Category:Baptism of Fire characters,Schirrú,Schirrú
116,Category:Baptism of Fire characters,Servadio,Servadio
117,Category:Baptism of Fire characters,Sheala de Tancarville,Sheala
118,Category:Baptism of Fire characters,Shilard Fitz-Oesterlen,Shilard
119,Category:Baptism of Fire characters,Sievers,Sievers
120,Category:Baptism of Fire characters,Sigismund Dijkstra,Sigismund
121,Category:Baptism of Fire characters,Silvester Bugiardo,Silvester
122,Category:Baptism of Fire characters,Simlas Finn aep Dabairr,Simlas
123,Category:Baptism of Fire characters,Sirssa,Sirssa
124,Category:Baptism of Fire characters,Stefan Skellen,Stefan
125,Category:Baptism of Fire characters,Stella Congreve,Stella
126,Category:Baptism of Fire characters,Stribog,Stribog
127,Category:Baptism of Fire characters,Stucco Zangenis,Stucco
128,Category:Baptism of Fire characters,Talbot,Talbot
129,Category:Baptism of Fire characters,Tissaia de Vries,Tissaia
130,Category:Baptism of Fire characters,Toruviel,Toruviel
131,Category:Baptism of Fire characters,Triss Merigold,Triss
132,Category:Baptism of Fire characters,Tugdual,Tugdual
133,Category:Baptism of Fire characters,Tuzik,Tuzik
134,Category:Baptism of Fire characters,Vanadain,Vanadain
135,Category:Baptism of Fire characters,Vascoigne,Vascoigne
136,Category:Baptism of Fire characters,Vattier de Rideaux,Vattier
137,Category:Baptism of Fire characters,Vera Loewenhaupt,Vera
138,Category:Baptism of Fire characters,Vilgefortz,Vilgefortz
139,Category:Baptism of Fire characters,Vissegerd,Vissegerd
140,Category:Baptism of Fire characters,Vizimir II,Vizimir
141,Category:Baptism of Fire characters,Vreemde,Vreemde
142,Category:Baptism of Fire characters,Vridank,Vridank
143,Category:Baptism of Fire characters,Xarthisius,Xarthisius
144,Category:Baptism of Fire characters,Yazon Varda,Yazon
145,Category:Baptism of Fire characters,Yennefer of Vengerberg,Yennefer
146,Category:Baptism of Fire characters,Zgarba,Zgarba
147,Category:Baptism of Fire characters,Zoltan Chivay,Zoltan
148,Category:Blood of Elves characters,Blood of Elves minor characters,Blood
149,Category:Blood of Elves characters,Abrad the Old Oak,Abrad
150,Category:Blood of Elves characters,Aelirenn,Aelirenn
151,Category:Blood of Elves characters,Agnes of Glanville,Agnes
152,Category:Blood of Elves characters,Anna Tiller,Anna
153,Category:Blood of Elves characters,Anséis,Anséis
154,Category:Blood of Elves characters,Artaud Terranova,Artaud
155,Category:Blood of Elves characters,Axel Esparza,Axel
156,Category:Blood of Elves characters,Boatbug,Boatbug
157,Category:Blood of Elves characters,Boratek,Boratek
158,Category:Blood of Elves characters,Bronibor,Bronibor
159,Category:Blood of Elves characters,Cahir Mawr Dyffryn aep Ceallach,Cahir
160,Category:Blood of Elves characters,Calanthe,Calanthe
161,Category:Blood of Elves characters,Carduin,Carduin
162,Category:Blood of Elves characters,Carla Demetia Crest,Carla
163,Category:Blood of Elves characters,Ciri,Ciri
164,Category:Blood of Elves characters,Coën,Coën
165,Category:Blood of Elves characters,Crach an Craite,Crach
166,Category:Blood of Elves characters,Dandelion,Dandelion
167,Category:Blood of Elves characters,Demavend III,Demavend
168,Category:Blood of Elves characters,Dezmod,Dezmod
169,Category:Blood of Elves characters,Donimir of Troy,Donimir
170,Category:Blood of Elves characters,Duke de Ruyter,Duke
171,Category:Blood of Elves characters,Edmund Bumbler,Edmund
172,Category:Blood of Elves characters,Eist Tuirseach,Eist
173,Category:Blood of Elves characters,Ekkehard of Sodden,Ekkehard
174,Category:Blood of Elves characters,Emhyr var Emreis,Emhyr
175,Category:Blood of Elves characters,Ervyll,Ervyll
176,Category:Blood of Elves characters,Eskel,Eskel
177,Category:Blood of Elves characters,Essi Daven,Essi
178,Category:Blood of Elves characters,Esterad Thyssen,Esterad
179,Category:Blood of Elves characters,Ethain,Ethain
180,Category:Blood of Elves characters,Eurneid,Eurneid
181,Category:Blood of Elves characters,Everett,Everett
182,Category:Blood of Elves characters,Fercart,Fercart
183,Category:Blood of Elves characters,Flavius Michelet,Flavius
184,Category:Blood of Elves characters,Foltest,Foltest
185,Category:Blood of Elves characters,Francesca Findabair,Francesca
186,Category:Blood of Elves characters,Geoffrey Monck,Geoffrey
187,Category:Blood of Elves characters,Geralt of Rivia,Geralt
188,Category:Blood of Elves characters,Gerhart of Aelle,Gerhart
189,Category:Blood of Elves characters,Giambattista,Giambattista
190,Category:Blood of Elves characters,Griffin of Temeria,Griffin
191,Category:Blood of Elves characters,Gruzila,Gruzila
192,Category:Blood of Elves characters,Henselt,Henselt
193,Category:Blood of Elves characters,Herbert Stammelford,Herbert
194,Category:Blood of Elves characters,Hereward,Hereward
195,Category:Blood of Elves characters,Hrosvitha,Hrosvitha
196,Category:Blood of Elves characters,Iola,Iola
197,Category:Blood of Elves characters,Iola the Second,Iola
198,Category:Blood of Elves characters,Ironware,Ironware
199,Category:Blood of Elves characters,Ithlinne,Ithlinne
200,Category:Blood of Elves characters,Ivo Richert,Ivo
201,Category:Blood of Elves characters,Jan Bekker,Jan
202,Category:Blood of Elves characters,Jarre,Jarre
203,Category:Blood of Elves characters,Katje,Katje
204,Category:Blood of Elves characters,Keira Metz,Keira
205,Category:Blood of Elves characters,Kistrin,Kistrin
206,Category:Blood of Elves characters,Lambert,Lambert
207,Category:Blood of Elves characters,Linus Pitt,Linus
208,Category:Blood of Elves characters,Lodovico Michelet,Lodovico
209,Category:Blood of Elves characters,Lucas Corto,Lucas
210,Category:Blood of Elves characters,Lydia van Bredevoort,Lydia
211,Category:Blood of Elves characters,Lytta Neyd,Lytta
212,Category:Blood of Elves characters,Mama Lantieri,Mama
213,Category:Blood of Elves characters,Maria Louisa La Valette,Maria
214,Category:Blood of Elves characters,Marquis La Creahme,Marquis
215,Category:Blood of Elves characters,Medell,Medell
216,Category:Blood of Elves characters,Menno Coehoorn,Menno
217,Category:Blood of Elves characters,Meve,Meve
218,Category:Blood of Elves characters,Michelet brothers,Michelet
219,Category:Blood of Elves characters,Milan Raupenneck,Milan
220,Category:Blood of Elves characters,Myhrman,Myhrman
221,Category:Blood of Elves characters,Myrrha,Myrrha
222,Category:Blood of Elves characters,Nenneke,Nenneke
223,Category:Blood of Elves characters,Nicodemus de Boot,Nicodemus
224,Category:Blood of Elves characters,Niedamir,Niedamir
225,Category:Blood of Elves characters,Old Baron La Valette,Old
226,Category:Blood of Elves characters,Olsen,Olsen
227,Category:Blood of Elves characters,Ori Reuven,Ori
228,Category:Blood of Elves characters,Paulie Dahlberg,Paulie
229,Category:Blood of Elves characters,Pavetta,Pavetta
230,Category:Blood of Elves characters,Pelligram,Pelligram
231,Category:Blood of Elves characters,Philippa Eilhart,Philippa
232,Category:Blood of Elves characters,Podveyka,Podveyka
233,Category:Blood of Elves characters,Radcliffe,Radcliffe
234,Category:Blood of Elves characters,Radovid I,Radovid
235,Category:Blood of Elves characters,Radovid III,Radovid
236,Category:Blood of Elves characters,Rayla,Rayla
237,Category:Blood of Elves characters,Regan Dahlberg,Regan
238,Category:Blood of Elves characters,Reginald,Reginald
239,Category:Blood of Elves characters,Rience,Rience
240,Category:Blood of Elves characters,Rizzi Michelet,Rizzi
241,Category:Blood of Elves characters,Roach,Roach
242,Category:Blood of Elves characters,Sambuk,Sambuk
243,Category:Blood of Elves characters,Schrader,Schrader
244,Category:Blood of Elves characters,Shani,Shani
245,Category:Blood of Elves characters,Sheldon Skaggs,Sheldon
246,Category:Blood of Elves characters,Sigismund Dijkstra,Sigismund
247,Category:Blood of Elves characters,Stran,Stran
248,Category:Blood of Elves characters,Tissaia de Vries,Tissaia
249,Category:Blood of Elves characters,Toublanc Michelet,Toublanc
250,Category:Blood of Elves characters,Triss Merigold,Triss
251,Category:Blood of Elves characters,Unist,Unist
252,Category:Blood of Elves characters,Vanielle,Vanielle
253,Category:Blood of Elves characters,Venzlav,Venzlav
254,Category:Blood of Elves characters,Vera Loewenhaupt,Vera
255,Category:Blood of Elves characters,Vesemir,Vesemir
256,Category:Blood of Elves characters,Vilfrid Wenck,Vilfrid
257,Category:Blood of Elves characters,Vilgefortz,Vilgefortz
258,Category:Blood of Elves characters,Villem,Villem
259,Category:Blood of Elves characters,Virfuril,Virfuril
260,Category:Blood of Elves characters,Vissegerd,Vissegerd
261,Category:Blood of Elves characters,Vitek,Vitek
262,Category:Blood of Elves characters,Vizimir II,Vizimir
263,Category:Blood of Elves characters,Windhalm of Attre,Windhalm
264,Category:Blood of Elves characters,Wolfgang Amadeus Goatbeard,Wolfgang
265,Category:Blood of Elves characters,Xavier Moran,Xavier
266,Category:Blood of Elves characters,Yannick Brass,Yannick
267,Category:Blood of Elves characters,Yarpen Zigrin,Yarpen
268,Category:Blood of Elves characters,Yennefer of Vengerberg,Yennefer
269,Category:Blood of Elves characters,Yoël Grethen,Yoël
270,Category:Blood of Elves characters,Zyvik,Zyvik
271,Category:Season of Storms characters,Abner de Navarette,Abner
272,Category:Season of Storms characters,Adda the White,Adda
273,Category:Season of Storms characters,Addarion Bach,Addarion
274,Category:Season of Storms characters,Aguara,Aguara
275,Category:Season of Storms characters,Aileach Mor-Dhu,Aileach
276,Category:Season of Storms characters,Albert Smulka,Albert
277,Category:Season of Storms characters,Algernon Guincamp,Algernon
278,Category:Season of Storms characters,Alzur,Alzur
279,Category:Season of Storms characters,Antea Derris,Antea
280,Category:Season of Storms characters,Axel Esparza,Axel
281,Category:Season of Storms characters,Bang,Bang
282,Category:Season of Storms characters,Belohun,Belohun
283,Category:Season of Storms characters,Bernie Hofmeier,Bernie
284,Category:Season of Storms characters,Biruta Icarti,Biruta
285,Category:Season of Storms characters,Brehen,Brehen
286,Category:Season of Storms characters,Briana de Sepulveda,Briana
287,Category:Season of Storms characters,Bue,Bue
288,Category:Season of Storms characters,Ciri,Ciri
289,Category:Season of Storms characters,Codringher,Codringher
290,Category:Season of Storms characters,Colonel de Santis,Colonel
291,Category:Season of Storms characters,Coppenrath,Coppenrath
292,Category:Season of Storms characters,Cosimo Malaspina,Cosimo
293,Category:Season of Storms characters,Dandelion,Dandelion
294,Category:Season of Storms characters,Drofuss,Drofuss
295,Category:Season of Storms characters,Edwina,Edwina
296,Category:Season of Storms characters,Effenberg,Effenberg
297,Category:Season of Storms characters,Egmund,Egmund
298,Category:Season of Storms characters,Elmer,Elmer
299,Category:Season of Storms characters,Escayrac,Escayrac
300,Category:Season of Storms characters,Febus Ravenga,Febus
301,Category:Season of Storms characters,Ferrant de Lettenhove,Ferrant
302,Category:Season of Storms characters,Floquet,Floquet
303,Category:Season of Storms characters,Frans Torquil,Frans
304,Category:Season of Storms characters,Geoffrey Monck,Geoffrey
305,Category:Season of Storms characters,Geralt of Rivia,Geralt
306,Category:Season of Storms characters,Gonschorek,Gonschorek
307,Category:Season of Storms characters,Harlan Tzara,Harlan
308,Category:Season of Storms characters,Horvath,Horvath
309,Category:Season of Storms characters,Idarran of Ulivo,Idarran
310,Category:Season of Storms characters,Ildiko Breckl,Ildiko
311,Category:Season of Storms characters,Jacob de Sepulveda,Jacob
312,Category:Season of Storms characters,Jacob Fenn,Jacob
313,Category:Season of Storms characters,Jan Bekker,Jan
314,Category:Season of Storms characters,Javil Fysh,Javil
315,Category:Season of Storms characters,Jerosa Fuerte,Jerosa
316,Category:Season of Storms characters,Jonas,Jonas
317,Category:Season of Storms characters,Kevenard van Vliet,Kevenard
318,Category:Season of Storms characters,Lebioda,Lebioda
319,Category:Season of Storms characters,Ligenza,Ligenza
320,Category:Season of Storms characters,Lindenbrog,Lindenbrog
321,Category:Season of Storms characters,Lytta Neyd,Lytta
322,Category:Season of Storms characters,Marti Södergren,Marti
323,Category:Season of Storms characters,Maximilian Borsodi,Maximilian
324,Category:Season of Storms characters,Maximilian Borsodi's brother,Maximilian
325,Category:Season of Storms characters,Messer Luppi,Messer
326,Category:Season of Storms characters,Mikita,Mikita
327,Category:Season of Storms characters,Molnar Giancardi,Molnar
328,Category:Season of Storms characters,Mozaïk,Mozaïk
329,Category:Season of Storms characters,Myles Trethevey,Myles
330,Category:Season of Storms characters,Narses de la Roche,Narses
331,Category:Season of Storms characters,Nikefor Muus,Nikefor
332,Category:Season of Storms characters,Nimue verch Wledyr ap Gwyn,Nimue
333,Category:Season of Storms characters,Nino Cianfanelli,Nino
334,Category:Season of Storms characters,Ohnesorg,Ohnesorg
335,Category:Season of Storms characters,Ortolan,Ortolan
336,Category:Season of Storms characters,Osmyk,Osmyk
337,Category:Season of Storms characters,Otto Dussart,Otto
338,Category:Season of Storms characters,Pandolfo Forteguerra,Pandolfo
339,Category:Season of Storms characters,Parlaghy,Parlaghy
340,Category:Season of Storms characters,Pastor,Pastor
341,Category:Season of Storms characters,Pelligram,Pelligram
342,Category:Season of Storms characters,Petru Cobbin,Petru
343,Category:Season of Storms characters,Prochaska,Prochaska
344,Category:Season of Storms characters,Prospero Basti,Prospero
345,Category:Season of Storms characters,Pudlorak,Pudlorak
346,Category:Season of Storms characters,Pyral Pratt,Pyral
347,Category:Season of Storms characters,Rhyd,Rhyd
348,Category:Season of Storms characters,Richter,Richter
349,Category:Season of Storms characters,Roach,Roach
350,Category:Season of Storms characters,Ropp,Ropp
351,Category:Season of Storms characters,Sabrina Glevissig,Sabrina
352,Category:Season of Storms characters,Samsa,Samsa
353,Category:Season of Storms characters,Shevlov,Shevlov
354,Category:Season of Storms characters,Sorel Degerlund,Sorel
355,Category:Season of Storms characters,Stucco Zangenis,Stucco
356,Category:Season of Storms characters,Talbot,Talbot
357,Category:Season of Storms characters,Tarp,Tarp
358,Category:Season of Storms characters,Tarvix Sandoval,Tarvix
359,Category:Season of Storms characters,Tiziana Frevi,Tiziana
360,Category:Season of Storms characters,Tonton Zroga,Tonton
361,Category:Season of Storms characters,Trent,Trent
362,Category:Season of Storms characters,Tukaj,Tukaj
363,Category:Season of Storms characters,Tverdoruk,Tverdoruk
364,Category:Season of Storms characters,Vesemir,Vesemir
365,Category:Season of Storms characters,Videmont,Videmont
366,Category:Season of Storms characters,Vimme Vivaldi,Vimme
367,Category:Season of Storms characters,Violetta,Violetta
368,Category:Season of Storms characters,Viraxas,Viraxas
369,Category:Season of Storms characters,Vizimir II,Vizimir
370,Category:Season of Storms characters,Vorsterkranz,Vorsterkranz
371,Category:Season of Storms characters,Vysogota of Corvo,Vysogota
372,Category:Season of Storms characters,Wledyr,Wledyr
373,Category:Season of Storms characters,Xander,Xander
374,Category:Season of Storms characters,Xymena de Sepulveda,Xymena
375,Category:Season of Storms characters,Yan Malkin,Yan
376,Category:Season of Storms characters,Yennefer of Vengerberg,Yennefer
377,"Category:Something Ends, Something Begins characters",Adda the White,Adda
378,"Category:Something Ends, Something Begins characters",Agloval,Agloval
379,"Category:Something Ends, Something Begins characters",Alzur,Alzur
380,"Category:Something Ends, Something Begins characters",Annika,Annika
381,"Category:Something Ends, Something Begins characters",Braenn,Braenn
382,"Category:Something Ends, Something Begins characters",Brennan,Brennan
383,"Category:Something Ends, Something Begins characters",Caldemeyn,Caldemeyn
384,"Category:Something Ends, Something Begins characters",Chireadan,Chireadan
385,"Category:Something Ends, Something Begins characters",Ciri,Ciri
386,"Category:Something Ends, Something Begins characters",Cirilla ,Cirilla
387,"Category:Something Ends, Something Begins characters",Crach an Craite,Crach
388,"Category:Something Ends, Something Begins characters",Czop,Czop
389,"Category:Something Ends, Something Begins characters",Dainty Biberveldt,Dainty
390,"Category:Something Ends, Something Begins characters",Dandelion,Dandelion
391,"Category:Something Ends, Something Begins characters",Devereux,Devereux
392,"Category:Something Ends, Something Begins characters",Dorregaray,Dorregaray
393,"Category:Something Ends, Something Begins characters",Dudu,Dudu
394,"Category:Something Ends, Something Begins characters",Eithné ,Eithné
395,"Category:Something Ends, Something Begins characters",Eskel,Eskel
396,"Category:Something Ends, Something Begins characters",Ethain,Ethain
397,"Category:Something Ends, Something Begins characters",Eurneid,Eurneid
398,"Category:Something Ends, Something Begins characters",Fregenal,Fregenal
399,"Category:Something Ends, Something Begins characters",Freixenet,Freixenet
400,"Category:Something Ends, Something Begins characters",Freya ,Freya
401,"Category:Something Ends, Something Begins characters",Galahad,Galahad
402,"Category:Something Ends, Something Begins characters",Gardenia Biberveldt,Gardenia
403,"Category:Something Ends, Something Begins characters",Geralt of Rivia,Geralt
404,"Category:Something Ends, Something Begins characters",Grozim,Grozim
405,"Category:Something Ends, Something Begins characters",Herwig,Herwig
406,"Category:Something Ends, Something Begins characters",Hotspurn,Hotspurn
407,"Category:Something Ends, Something Begins characters",Iola the Second,Iola
408,"Category:Something Ends, Something Begins characters",Jarre,Jarre
409,"Category:Something Ends, Something Begins characters",Kashka,Kashka
410,"Category:Something Ends, Something Begins characters",Kehl,Kehl
411,"Category:Something Ends, Something Begins characters",Kelpie ,Kelpie
412,"Category:Something Ends, Something Begins characters",Korin,Korin
413,"Category:Something Ends, Something Begins characters",Koshchey's Men,Koshchey's
414,"Category:Something Ends, Something Begins characters",Leo Bonhart,Leo
415,"Category:Something Ends, Something Begins characters",Lily Biberveldt,Lily
416,"Category:Something Ends, Something Begins characters",Loki an Craite,Loki
417,"Category:Something Ends, Something Begins characters",Manissa,Manissa
418,"Category:Something Ends, Something Begins characters",Matholm,Matholm
419,"Category:Something Ends, Something Begins characters",Merle,Merle
420,"Category:Something Ends, Something Begins characters",Mikula ,Mikula
421,"Category:Something Ends, Something Begins characters",Mistle,Mistle
422,"Category:Something Ends, Something Begins characters",Mona ,Mona
423,"Category:Something Ends, Something Begins characters",Morenn ,Morenn
424,"Category:Something Ends, Something Begins characters",Mousesack,Mousesack
425,"Category:Something Ends, Something Begins characters",Nenneke,Nenneke
426,"Category:Something Ends, Something Begins characters",Percival Schuttenbach,Percival
427,"Category:Something Ends, Something Begins characters",Radcliffe,Radcliffe
428,"Category:Something Ends, Something Begins characters",Radim,Radim
429,"Category:Something Ends, Something Begins characters",Ragnar an Craite,Ragnar
430,"Category:Something Ends, Something Begins characters",Sandy Frogmorton,Sandy
431,"Category:Something Ends, Something Begins characters",Sh'eenaz,Sh'eenaz
432,"Category:Something Ends, Something Begins characters",Sigismund Dijkstra,Sigismund
433,"Category:Something Ends, Something Begins characters","Something Ends, Something Begins minor characters",Something
434,"Category:Something Ends, Something Begins characters",Sulivoy,Sulivoy
435,"Category:Something Ends, Something Begins characters",Topin,Topin
436,"Category:Something Ends, Something Begins characters",Triss Merigold,Triss
437,"Category:Something Ends, Something Begins characters",Venzlav,Venzlav
438,"Category:Something Ends, Something Begins characters",Vesemir,Vesemir
439,"Category:Something Ends, Something Begins characters",Villentretenmerth,Villentretenmerth
440,"Category:Something Ends, Something Begins characters",Visenna,Visenna
441,"Category:Something Ends, Something Begins characters",Vissing,Vissing
442,"Category:Something Ends, Something Begins characters",White Lady,White
443,"Category:Something Ends, Something Begins characters",Willem,Willem
444,"Category:Something Ends, Something Begins characters",Yarpen Zigrin,Yarpen
445,"Category:Something Ends, Something Begins characters",Yennefer of Vengerberg,Yennefer
446,"Category:Something Ends, Something Begins characters",Yves,Yves
447,Category:Sword of Destiny characters,Agloval,Agloval
448,Category:Sword of Destiny characters,Akeretta,Akeretta
449,Category:Sword of Destiny characters,Alvina,Alvina
450,Category:Sword of Destiny characters,Arno Hardbottom,Arno
451,Category:Sword of Destiny characters,Artaud Terranova,Artaud
452,Category:Sword of Destiny characters,Atlan Kerk,Atlan
453,Category:Sword of Destiny characters,Axel Esparza,Axel
454,Category:Sword of Destiny characters,Beady-eyes,Beady-eyes
455,Category:Sword of Destiny characters,Begonia Biberveldt,Begonia
456,Category:Sword of Destiny characters,Boholt,Boholt
457,Category:Sword of Destiny characters,Braenn,Braenn
458,Category:Sword of Destiny characters,Brick,Brick
459,Category:Sword of Destiny characters,Budibog,Budibog
460,Category:Sword of Destiny characters,Calanthe,Calanthe
461,Category:Sword of Destiny characters,Chappelle,Chappelle
462,Category:Sword of Destiny characters,Ciri,Ciri
463,Category:Sword of Destiny characters,Crinfrid Reavers,Crinfrid
464,Category:Sword of Destiny characters,Cynthia ,Cynthia
465,Category:Sword of Destiny characters,Dagobert,Dagobert
466,Category:Sword of Destiny characters,Dainty Biberveldt,Dainty
467,Category:Sword of Destiny characters,Dalia,Dalia
468,Category:Sword of Destiny characters,Dandelion,Dandelion
469,Category:Sword of Destiny characters,Detchka,Detchka
470,Category:Sword of Destiny characters,Dezmod,Dezmod
471,Category:Sword of Destiny characters,Dorregaray,Dorregaray
472,Category:Sword of Destiny characters,Drunken ferryman,Drunken
473,Category:Sword of Destiny characters,Dudu,Dudu
474,Category:Sword of Destiny characters,Dunca,Dunca
475,Category:Sword of Destiny characters,Ebbing quadruplets,Ebbing
476,Category:Sword of Destiny characters,Eist Tuirseach,Eist
477,Category:Sword of Destiny characters,Eithné,Eithné
478,Category:Sword of Destiny characters,Ekkehard of Sodden,Ekkehard
479,Category:Sword of Destiny characters,Eliza,Eliza
480,Category:Sword of Destiny characters,Emhyr var Emreis,Emhyr
481,Category:Sword of Destiny characters,Ervyll,Ervyll
482,Category:Sword of Destiny characters,Essi Daven,Essi
483,Category:Sword of Destiny characters,Ethain,Ethain
484,Category:Sword of Destiny characters,Eyck of Denesle,Eyck
485,Category:Sword of Destiny characters,Fercart,Fercart
486,Category:Sword of Destiny characters,Freixenet,Freixenet
487,Category:Sword of Destiny characters,Gar,Gar
488,Category:Sword of Destiny characters,Gardenia Biberveldt,Gardenia
489,Category:Sword of Destiny characters,Gaspard Drouhard,Gaspard
490,Category:Sword of Destiny characters,Geralt of Rivia,Geralt
491,Category:Sword of Destiny characters,Goldencheeks,Goldencheeks
492,Category:Sword of Destiny characters,Gorazd,Gorazd
493,Category:Sword of Destiny characters,Gritzi,Gritzi
494,Category:Sword of Destiny characters,Gyllenstiern,Gyllenstiern
495,Category:Sword of Destiny characters,Herbolth,Herbolth
496,Category:Sword of Destiny characters,Istredd,Istredd
497,Category:Sword of Destiny characters,Ivo Mirce,Ivo
498,Category:Sword of Destiny characters,Joachim Schwann,Joachim
499,Category:Sword of Destiny characters,Juan Pablo Vassermiller,Juan
500,Category:Sword of Destiny characters,Junghans,Junghans
501,Category:Sword of Destiny characters,Kennet,Kennet
502,Category:Sword of Destiny characters,Kistrin,Kistrin
503,Category:Sword of Destiny characters,Kreve,Kreve
504,Category:Sword of Destiny characters,Lawdbor,Lawdbor
505,Category:Sword of Destiny characters,Levecque,Levecque
506,Category:Sword of Destiny characters,Lucas Corto,Lucas
507,Category:Sword of Destiny characters,Lytta Neyd,Lytta
508,Category:Sword of Destiny characters,Marck,Marck
509,Category:Sword of Destiny characters,Mestvin,Mestvin
510,Category:Sword of Destiny characters,Mitzi,Mitzi
511,Category:Sword of Destiny characters,Morénn,Morénn
512,Category:Sword of Destiny characters,Mousesack,Mousesack
513,Category:Sword of Destiny characters,Muskrat,Muskrat
514,Category:Sword of Destiny characters,Myrgtabrakke,Myrgtabrakke
515,Category:Sword of Destiny characters,Nadbor,Nadbor
516,Category:Sword of Destiny characters,Nelumbo,Nelumbo
517,Category:Sword of Destiny characters,Niedamir,Niedamir
518,Category:Sword of Destiny characters,Paulie Dahlberg,Paulie
519,Category:Sword of Destiny characters,Pavetta,Pavetta
520,Category:Sword of Destiny characters,Podveyka,Podveyka
521,Category:Sword of Destiny characters,Pokvit,Pokvit
522,Category:Sword of Destiny characters,Putzi,Putzi
523,Category:Sword of Destiny characters,Radcliffe,Radcliffe
524,Category:Sword of Destiny characters,Regan Dahlberg,Regan
525,Category:Sword of Destiny characters,Rhundurin,Rhundurin
526,Category:Sword of Destiny characters,Rhyd,Rhyd
527,Category:Sword of Destiny characters,Roach,Roach
528,Category:Sword of Destiny characters,Roedskilde,Roedskilde
529,Category:Sword of Destiny characters,Sabrina Glevissig,Sabrina
530,Category:Sword of Destiny characters,Sambuk,Sambuk
531,Category:Sword of Destiny characters,Sh'eenaz,Sh'eenaz
532,Category:Sword of Destiny characters,Sheepbagger,Sheepbagger
533,Category:Sword of Destiny characters,Sirssa,Sirssa
534,Category:Sword of Destiny characters,Sorrel,Sorrel
535,Category:Sword of Destiny characters,Stefan Skellen,Stefan
536,Category:Sword of Destiny characters,Sulik,Sulik
537,Category:Sword of Destiny characters,Sulimir,Sulimir
538,Category:Sword of Destiny characters,Sword of Destiny minor characters,Sword
539,Category:Sword of Destiny characters,Teleri Drouhard,Teleri
540,Category:Sword of Destiny characters,Ther Lukokian,Ther
541,Category:Sword of Destiny characters,Triss Merigold,Triss
542,Category:Sword of Destiny characters,Téa,Téa
543,Category:Sword of Destiny characters,Vanda,Vanda
544,Category:Sword of Destiny characters,Vanielle,Vanielle
545,Category:Sword of Destiny characters,Vell,Vell
546,Category:Sword of Destiny characters,Venzlav,Venzlav
547,Category:Sword of Destiny characters,Vertvern,Vertvern
548,Category:Sword of Destiny characters,Vesemir,Vesemir
549,Category:Sword of Destiny characters,Vespula,Vespula
550,Category:Sword of Destiny characters,Veverka,Veverka
551,Category:Sword of Destiny characters,Villentretenmerth,Villentretenmerth
552,Category:Sword of Destiny characters,Vimme Vivaldi,Vimme
553,Category:Sword of Destiny characters,Viraxas,Viraxas
554,Category:Sword of Destiny characters,Visenna,Visenna
555,Category:Sword of Destiny characters,Voymir ,Voymir
556,Category:Sword of Destiny characters,Véa,Véa
557,Category:Sword of Destiny characters,Xavier Moran,Xavier
558,Category:Sword of Destiny characters,Yannick Brass,Yannick
559,Category:Sword of Destiny characters,Yarpen Zigrin,Yarpen
560,Category:Sword of Destiny characters,Yennefer of Vengerberg,Yennefer
561,Category:Sword of Destiny characters,Yoël Grethen,Yoël
562,Category:Sword of Destiny characters,Yurga,Yurga
563,Category:Sword of Destiny characters,Zelest,Zelest
564,Category:Szpony i kły characters,Ethain,Ethain
565,Category:Szpony i kły characters,Mathen,Mathen
566,Category:Szpony i kły characters,Sha,Sha
567,Category:Tales from the world of The Witcher characters,Saint Elmo,Saint
568,Category:The Lady of the Lake characters,Aarhenius Krantz,Aarhenius
569,Category:The Lady of the Lake characters,Abonde,Abonde
570,Category:The Lady of the Lake characters,Adam Pangratt,Adam
571,Category:The Lady of the Lake characters,Adela Marta,Adela
572,Category:The Lady of the Lake characters,Aen Saevherne,Aen
573,Category:The Lady of the Lake characters,Aillil Mawr Dyffryn aep Ceallach,Aillil
574,Category:The Lady of the Lake characters,Albert Solpietra,Albert
575,Category:The Lady of the Lake characters,Alcides Fierabras,Alcides
576,Category:The Lady of the Lake characters,Aloë Hildebrandt,Aloë
577,Category:The Lady of the Lake characters,Amadis de Trastamara,Amadis
578,Category:The Lady of the Lake characters,Andy Biberveldt,Andy
579,Category:The Lady of the Lake characters,Angoulême,Angoulême
580,Category:The Lady of the Lake characters,Angus Bri Cri,Angus
581,Category:The Lady of the Lake characters,Anna Henrietta,Anna
582,Category:The Lady of the Lake characters,Anna Tiller,Anna
583,Category:The Lady of the Lake characters,Anzelm Aubry,Anzelm
584,Category:The Lady of the Lake characters,Ardal aep Dahy,Ardal
585,Category:The Lady of the Lake characters,Aristoteles Bobeck,Aristoteles
586,Category:The Lady of the Lake characters,Arthur,Arthur
587,Category:The Lady of the Lake characters,Artorius Vigo,Artorius
588,Category:The Lady of the Lake characters,Assire var Anahid,Assire
589,Category:The Lady of the Lake characters,Auberon Muircetach,Auberon
590,Category:The Lady of the Lake characters,Aubry ,Aubry
591,Category:The Lady of the Lake characters,Avallac'h,Avallac'h
592,Category:The Lady of the Lake characters,Barclay Els,Barclay
593,Category:The Lady of the Lake characters,Berengar Leuvaarden,Berengar
594,Category:The Lady of the Lake characters,Bernie Hofmeier,Bernie
595,Category:The Lady of the Lake characters,Bertram Skellen,Bertram
596,Category:The Lady of the Lake characters,Blasco Grant,Blasco
597,Category:The Lady of the Lake characters,Blenheim Blenckert,Blenheim
598,Category:The Lady of the Lake characters,Boreas Mun,Boreas
599,Category:The Lady of the Lake characters,Braathens,Braathens
600,Category:The Lady of the Lake characters,Bronibor,Bronibor
601,Category:The Lady of the Lake characters,Brouver Hoog,Brouver
602,Category:The Lady of the Lake characters,Bucephalus,Bucephalus
603,Category:The Lady of the Lake characters,Cahir Mawr Dyffryn aep Ceallach,Cahir
604,Category:The Lady of the Lake characters,Cairbre aep Diared,Cairbre
605,Category:The Lady of the Lake characters,Calanthe,Calanthe
606,Category:The Lady of the Lake characters,Caleb Stratton,Caleb
607,Category:The Lady of the Lake characters,Carolina Roberta,Carolina
608,Category:The Lady of the Lake characters,Carthia van Canten,Carthia
609,Category:The Lady of the Lake characters,Ceallach aep Gruffyd,Ceallach
610,Category:The Lady of the Lake characters,Cedric ,Cedric
611,Category:The Lady of the Lake characters,Cerro,Cerro
612,Category:The Lady of the Lake characters,Chevron Knight,Chevron
613,Category:The Lady of the Lake characters,Cinead var Anahid,Cinead
614,Category:The Lady of the Lake characters,Ciri,Ciri
615,Category:The Lady of the Lake characters,Ciri ,Ciri
616,Category:The Lady of the Lake characters,Cirilla Fiona ,Cirilla
617,Category:The Lady of the Lake characters,Coinneach Dá Reo,Coinneach
618,Category:The Lady of the Lake characters,Condwiramurs Tilly,Condwiramurs
619,Category:The Lady of the Lake characters,Corbett,Corbett
620,Category:The Lady of the Lake characters,Count Broinne,Count
621,Category:The Lady of the Lake characters,Count de Ruyter,Count
622,Category:The Lady of the Lake characters,Coën,Coën
623,Category:The Lady of the Lake characters,Cregennan of Lod,Cregennan
624,Category:The Lady of the Lake characters,Cyprian Fripp the younger,Cyprian
625,Category:The Lady of the Lake characters,Cyrus Engelkind Hemmelfart,Cyrus
626,Category:The Lady of the Lake characters,Dacre Silifant,Dacre
627,Category:The Lady of the Lake characters,Dagorad,Dagorad
628,Category:The Lady of the Lake characters,Dandelion,Dandelion
629,Category:The Lady of the Lake characters,Daniel Etcheverry,Daniel
630,Category:The Lady of the Lake characters,Debora,Debora
631,Category:The Lady of the Lake characters,Dede Vargas,Dede
632,Category:The Lady of the Lake characters,Demavend III,Demavend
633,Category:The Lady of the Lake characters,Dennis Cranmer,Dennis
634,Category:The Lady of the Lake characters,Deuslax,Deuslax
635,Category:The Lady of the Lake characters,Devlin aep Meara,Devlin
636,Category:The Lady of the Lake characters,Dezmod,Dezmod
637,Category:The Lady of the Lake characters,Dheran Mawr Dyffryn aep Ceallach,Dheran
638,Category:The Lady of the Lake characters,Didi Hofmeier,Didi
639,Category:The Lady of the Lake characters,Dominik Bombastus Houvenaghel,Dominik
640,Category:The Lady of the Lake characters,Draakul,Draakul
641,Category:The Lady of the Lake characters,Dyffryn,Dyffryn
642,Category:The Lady of the Lake characters,Edmund Bumbler,Edmund
643,Category:The Lady of the Lake characters,Effenberg,Effenberg
644,Category:The Lady of the Lake characters,Eithné,Eithné
645,Category:The Lady of the Lake characters,Elan Trahe,Elan
646,Category:The Lady of the Lake characters,Elkana Foster,Elkana
647,Category:The Lady of the Lake characters,Emhyr var Emreis,Emhyr
648,Category:The Lady of the Lake characters,Emiel Regis Rohellec Terzieff-Godefroy,Emiel
649,Category:The Lady of the Lake characters,Emmerich Gottschalk,Emmerich
650,Category:The Lady of the Lake characters,Eredin Bréacc Glas,Eredin
651,Category:The Lady of the Lake characters,Ervyll,Ervyll
652,Category:The Lady of the Lake characters,Eskel,Eskel
653,Category:The Lady of the Lake characters,Esterad Thyssen,Esterad
654,Category:The Lady of the Lake characters,Ethain,Ethain
655,Category:The Lady of the Lake characters,Eudora Breckenriggs,Eudora
656,Category:The Lady of the Lake characters,Eurneid,Eurneid
657,Category:The Lady of the Lake characters,Evangelina Parr,Evangelina
658,Category:The Lady of the Lake characters,Eviva var Anahid,Eviva
659,Category:The Lady of the Lake characters,Fabio Sachs,Fabio
660,Category:The Lady of the Lake characters,Falka,Falka
661,Category:The Lady of the Lake characters,Fergus var Emreis,Fergus
662,Category:The Lady of the Lake characters,Field Marshal Windbag,Field
663,Category:The Lady of the Lake characters,Figgis Merluzzo,Figgis
664,Category:The Lady of the Lake characters,Fisher King ,Fisher
665,Category:The Lady of the Lake characters,Fitz-Oesterlen ,Fitz-Oesterlen
666,Category:The Lady of the Lake characters,Flourens Delannoy,Flourens
667,Category:The Lady of the Lake characters,Foltest,Foltest
668,Category:The Lady of the Lake characters,Forest Gramps,Forest
669,Category:The Lady of the Lake characters,Francesca Findabair,Francesca
670,Category:The Lady of the Lake characters,Fringilla Vigo,Fringilla
671,Category:The Lady of the Lake characters,Fulko Artevelde,Fulko
672,Category:The Lady of the Lake characters,Fuson,Fuson
673,Category:The Lady of the Lake characters,Galahad,Galahad
674,Category:The Lady of the Lake characters,Gardik,Gardik
675,Category:The Lady of the Lake characters,Gefreiter Corncrake,Gefreiter
676,Category:The Lady of the Lake characters,Geralt of Rivia,Geralt
677,Category:The Lady of the Lake characters,Goidemar,Goidemar
678,Category:The Lady of the Lake characters,Goulue,Goulue
679,Category:The Lady of the Lake characters,Gruffyd,Gruffyd
680,Category:The Lady of the Lake characters,Guy de Bois-Fresnes,Guy
681,Category:The Lady of the Lake characters,Hamilcar Danza,Hamilcar
682,Category:The Lady of the Lake characters,Hedwig of Malleore,Hedwig
683,Category:The Lady of the Lake characters,Henselt,Henselt
684,Category:The Lady of the Lake characters,Hereward,Hereward
685,Category:The Lady of the Lake characters,Holofernes Hofmeier,Holofernes
686,Category:The Lady of the Lake characters,Ida Emean aep Sivney,Ida
687,Category:The Lady of the Lake characters,Ihuarraquax,Ihuarraquax
688,Category:The Lady of the Lake characters,Impatientia Vanderbeck,Impatientia
689,Category:The Lady of the Lake characters,Incarvilia Hildebrandt,Incarvilia
690,Category:The Lady of the Lake characters,Iola the Second,Iola
691,Category:The Lady of the Lake characters,Isengrim Faoiltiarna,Isengrim
692,Category:The Lady of the Lake characters,Istvan Igalffy,Istvan
693,Category:The Lady of the Lake characters,Ithlinne,Ithlinne
694,Category:The Lady of the Lake characters,Jacqueline,Jacqueline
695,Category:The Lady of the Lake characters,Jan Lennep,Jan
696,Category:The Lady of the Lake characters,Jan Natalis,Jan
697,Category:The Lady of the Lake characters,Jarre,Jarre
698,Category:The Lady of the Lake characters,Jean Catillon,Jean
699,Category:The Lady of the Lake characters,Jean La Voisier,Jean
700,Category:The Lady of the Lake characters,Joachim de Wett,Joachim
701,Category:The Lady of the Lake characters,John of Attre,John
702,Category:The Lady of the Lake characters,Juan Gutierrez,Juan
703,Category:The Lady of the Lake characters,Julia Abatemarco,Julia
704,Category:The Lady of the Lake characters,Katje,Katje
705,Category:The Lady of the Lake characters,Kees van Lo,Kees
706,Category:The Lady of the Lake characters,Keira Metz,Keira
707,Category:The Lady of the Lake characters,Kelpie ,Kelpie
708,Category:The Lady of the Lake characters,King of the Wild Hunt,King
709,Category:The Lady of the Lake characters,Kistrin,Kistrin
710,Category:The Lady of the Lake characters,Klaproth,Klaproth
711,Category:The Lady of the Lake characters,Kobus de Ruyter,Kobus
712,Category:The Lady of the Lake characters,Lamarr Flaut,Lamarr
713,Category:The Lady of the Lake characters,Lambert,Lambert
714,Category:The Lady of the Lake characters,Lara Dorren,Lara
715,Category:The Lady of the Lake characters,Lebioda,Lebioda
716,Category:The Lady of the Lake characters,Leo Bonhart,Leo
717,Category:The Lady of the Lake characters,Leon Oppenhauser,Leon
718,Category:The Lady of the Lake characters,Liam aep Muir Moss,Liam
719,Category:The Lady of the Lake characters,Lorenzo Molla,Lorenzo
720,Category:The Lady of the Lake characters,Lucienne,Lucienne
721,Category:The Lady of the Lake characters,Lydia van Bredevoort,Lydia
722,Category:The Lady of the Lake characters,Lytta Neyd,Lytta
723,Category:The Lady of the Lake characters,Malatesta,Malatesta
724,Category:The Lady of the Lake characters,Margarita Laux-Antille,Margarita
725,Category:The Lady of the Lake characters,Markus Braibant,Markus
726,Category:The Lady of the Lake characters,Marti Södergren,Marti
727,Category:The Lady of the Lake characters,Mawr var Anahid,Mawr
728,Category:The Lady of the Lake characters,Melfi,Melfi
729,Category:The Lady of the Lake characters,Menno Coehoorn,Menno
730,Category:The Lady of the Lake characters,Meve,Meve
731,Category:The Lady of the Lake characters,Milo Vanderbeck,Milo
732,Category:The Lady of the Lake characters,Milton,Milton
733,Category:The Lady of the Lake characters,Milton de Peyrac-Peyran,Milton
734,Category:The Lady of the Lake characters,Milva,Milva
735,Category:The Lady of the Lake characters,Mistle,Mistle
736,Category:The Lady of the Lake characters,Morvran Voorhis,Morvran
737,Category:The Lady of the Lake characters,Munro Bruys,Munro
738,Category:The Lady of the Lake characters,Myrrha,Myrrha
739,Category:The Lady of the Lake characters,Nadia Esposito,Nadia
740,Category:The Lady of the Lake characters,Natanis,Natanis
741,Category:The Lady of the Lake characters,Nenneke,Nenneke
742,Category:The Lady of the Lake characters,Nicodemus de Boot,Nicodemus
743,Category:The Lady of the Lake characters,Nimue verch Wledyr ap Gwyn,Nimue
744,Category:The Lady of the Lake characters,Nitert,Nitert
745,Category:The Lady of the Lake characters,Notturna,Notturna
746,Category:The Lady of the Lake characters,Nycklar,Nycklar
747,Category:The Lady of the Lake characters,Ograbek,Ograbek
748,Category:The Lady of the Lake characters,Okultich,Okultich
749,Category:The Lady of the Lake characters,Ola Harsheim,Ola
750,Category:The Lady of the Lake characters,Orestes Kopps,Orestes
751,Category:The Lady of the Lake characters,Ori Reuven,Ori
752,Category:The Lady of the Lake characters,Otto de Congreve,Otto
753,Category:The Lady of the Lake characters,Ouder de Wyngalt,Ouder
754,Category:The Lady of the Lake characters,Palmerin de Launfal,Palmerin
755,Category:The Lady of the Lake characters,Papebrock,Papebrock
756,Category:The Lady of the Lake characters,Paulie Dahlberg,Paulie
757,Category:The Lady of the Lake characters,Pelligram,Pelligram
758,Category:The Lady of the Lake characters,Percival Schuttenbach,Percival
759,Category:The Lady of the Lake characters,Peter Faramond,Peter
760,Category:The Lady of the Lake characters,Petunia Hildebrandt,Petunia
761,Category:The Lady of the Lake characters,Philippa Eilhart,Philippa
762,Category:The Lady of the Lake characters,Pike ,Pike
763,Category:The Lady of the Lake characters,Prince Voorhis,Prince
764,Category:The Lady of the Lake characters,Prine,Prine
765,Category:The Lady of the Lake characters,Puttkammer,Puttkammer
766,Category:The Lady of the Lake characters,Radovid V,Radovid
767,Category:The Lady of the Lake characters,Ramon Tyrconnel,Ramon
768,Category:The Last Wish characters,Abergard,Abergard
769,Category:The Last Wish characters,"Abrad ""Jack-up-the-Skirt""",Abrad
770,Category:The Last Wish characters,Adda of Temeria,Adda
771,Category:The Last Wish characters,Adda the White,Adda
772,Category:The Last Wish characters,Aen Saevherne,Aen
773,Category:The Last Wish characters,Akerspaark,Akerspaark
774,Category:The Last Wish characters,Aridea,Aridea
775,Category:The Last Wish characters,Arthur Tailles,Arthur
776,Category:The Last Wish characters,Audoen,Audoen
777,Category:The Last Wish characters,Beau Berrant,Beau
778,Category:The Last Wish characters,Bernika,Bernika
779,Category:The Last Wish characters,Borg,Borg
780,Category:The Last Wish characters,Bran Tuirseach,Bran
781,Category:The Last Wish characters,Butcher of Blaviken,Butcher
782,Category:The Last Wish characters,Calanthe,Calanthe
783,Category:The Last Wish characters,Caldemeyn,Caldemeyn
784,Category:The Last Wish characters,Carrypebble,Carrypebble
785,Category:The Last Wish characters,Centurion ,Centurion
786,Category:The Last Wish characters,Cerberus,Cerberus
787,Category:The Last Wish characters,Cerro,Cerro
788,Category:The Last Wish characters,Chireadan,Chireadan
789,Category:The Last Wish characters,Civril,Civril
790,Category:The Last Wish characters,Crach an Craite,Crach
791,Category:The Last Wish characters,Crach's mother,Crach's
792,Category:The Last Wish characters,Dalimira,Dalimira
793,Category:The Last Wish characters,Dandelion,Dandelion
794,Category:The Last Wish characters,Dennis Cranmer,Dennis
795,Category:The Last Wish characters,Dezmod,Dezmod
796,Category:The Last Wish characters,Dhun,Dhun
797,Category:The Last Wish characters,Dragomir,Dragomir
798,Category:The Last Wish characters,Draig Bon-Dhu,Draig
799,Category:The Last Wish characters,Drogodar,Drogodar
800,Category:The Last Wish characters,Eist Tuirseach,Eist
801,Category:The Last Wish characters,Eltibald,Eltibald
802,Category:The Last Wish characters,Emhyr var Emreis,Emhyr
803,Category:The Last Wish characters,Ermellia,Ermellia
804,Category:The Last Wish characters,Errdil,Errdil
805,Category:The Last Wish characters,Eskel,Eskel
806,Category:The Last Wish characters,Ethain,Ethain
807,Category:The Last Wish characters,Evermir,Evermir
808,Category:The Last Wish characters,Eylembert of Tigg,Eylembert
809,Category:The Last Wish characters,Falwick,Falwick
810,Category:The Last Wish characters,Fenne,Fenne
811,Category:The Last Wish characters,Fialka,Fialka
812,Category:The Last Wish characters,Fifteen,Fifteen
813,Category:The Last Wish characters,Filavandrel aén Fidháil,Filavandrel
814,Category:The Last Wish characters,Fodcat,Fodcat
815,Category:The Last Wish characters,Foltest,Foltest
816,Category:The Last Wish characters,Fredefalk Vellga,Fredefalk
817,Category:The Last Wish characters,Galarr,Galarr
818,Category:The Last Wish characters,Geoffrey Monck,Geoffrey
819,Category:The Last Wish characters,Geralt of Rivia,Geralt
820,Category:The Last Wish characters,Glutton,Glutton
821,Category:The Last Wish characters,Haxo,Haxo
822,Category:The Last Wish characters,Herbert Stammelford,Herbert
823,Category:The Last Wish characters,Hereward,Hereward
824,Category:The Last Wish characters,Heribert,Heribert
825,Category:The Last Wish characters,Idi,Idi
826,Category:The Last Wish characters,Ilka,Ilka
827,Category:The Last Wish characters,Iola,Iola
828,Category:The Last Wish characters,Irion,Irion
829,Category:The Last Wish characters,Karelka,Karelka
830,Category:The Last Wish characters,Krepp,Krepp
831,Category:The Last Wish characters,Laurelnose,Laurelnose
832,Category:The Last Wish characters,Lebioda,Lebioda
833,Category:The Last Wish characters,Lenka,Lenka
834,Category:The Last Wish characters,Libushe,Libushe
835,Category:The Last Wish characters,Lille,Lille
836,Category:The Last Wish characters,Lord Strept,Lord
837,Category:The Last Wish characters,Mad Deï,Mad
838,Category:The Last Wish characters,Marilka,Marilka
839,Category:The Last Wish characters,Medell,Medell
840,Category:The Last Wish characters,Mousesack,Mousesack
841,Category:The Last Wish characters,Nan the Hag,Nan
842,Category:The Last Wish characters,Nenneke,Nenneke
843,Category:The Last Wish characters,Nettly,Nettly
844,Category:The Last Wish characters,Neville,Neville
845,Category:The Last Wish characters,Nimir,Nimir
846,Category:The Last Wish characters,Nivellen,Nivellen
847,Category:The Last Wish characters,Nohorn,Nohorn
848,Category:The Last Wish characters,Ostrit,Ostrit
849,Category:The Last Wish characters,Pavetta,Pavetta
850,Category:The Last Wish characters,Primula,Primula
851,Category:The Last Wish characters,Rainfarn,Rainfarn
852,Category:The Last Wish characters,Ravix of Fourhorn,Ravix
853,Category:The Last Wish characters,Renfri Vellga,Renfri
854,Category:The Last Wish characters,Roach,Roach
855,Category:The Last Wish characters,Roderick de Novembre,Roderick
856,Category:The Last Wish characters,Roegner of Ebbing,Roegner
857,Category:The Last Wish characters,Rulle Asper,Rulle
858,Category:The Last Wish characters,Rumplestelt,Rumplestelt
859,Category:The Last Wish characters,Sancia of Sodden,Sancia
860,Category:The Last Wish characters,Segelin,Segelin
861,Category:The Last Wish characters,Seven gnomes,Seven
862,Category:The Last Wish characters,Silvena ,Silvena
863,Category:The Last Wish characters,Silvena ,Silvena
864,Category:The Last Wish characters,Slow,Slow
865,Category:The Last Wish characters,Stregobor,Stregobor
866,Category:The Last Wish characters,Supree,Supree
867,Category:The Last Wish characters,Tavik,Tavik
868,Category:The Last Wish characters,The Last Wish minor characters,The
869,Category:The Last Wish characters,Tinglant,Tinglant
870,Category:The Last Wish characters,Torque,Torque
871,Category:The Last Wish characters,Toruviel,Toruviel
872,Category:The Last Wish characters,Treska,Treska
873,Category:The Last Wish characters,Trigla,Trigla
874,Category:The Last Wish characters,Triss Merigold,Triss
875,Category:The Last Wish characters,Valdo Marx,Valdo
876,Category:The Last Wish characters,Vanadain,Vanadain
877,Category:The Last Wish characters,Velerad,Velerad
878,Category:The Last Wish characters,Venimira,Venimira
879,Category:The Last Wish characters,Vereena,Vereena
880,Category:The Last Wish characters,Vesemir,Vesemir
881,Category:The Last Wish characters,Virginia,Virginia
882,Category:The Last Wish characters,Vissegerd,Vissegerd
883,Category:The Last Wish characters,Vizimir II,Vizimir
884,Category:The Last Wish characters,Vratimir,Vratimir
885,Category:The Last Wish characters,Vridank,Vridank
886,Category:The Last Wish characters,Vyr,Vyr
887,Category:The Last Wish characters,Warder,Warder
888,Category:The Last Wish characters,Wieldhill,Wieldhill
889,Category:The Last Wish characters,Windhalm of Attre,Windhalm
890,Category:The Last Wish characters,Yennefer of Vengerberg,Yennefer
891,Category:The Last Wish characters,Zatret Voruta,Zatret
892,Category:The Last Wish characters,Zavist,Zavist
893,Category:The Last Wish characters,Zivelina,Zivelina
894,Category:The Tower of the Swallow characters,Adam Pangratt,Adam
895,Category:The Tower of the Swallow characters,Aideen,Aideen
896,Category:The Tower of the Swallow characters,Almavera,Almavera
897,Category:The Tower of the Swallow characters,Amaranth,Amaranth
898,Category:The Tower of the Swallow characters,Ambassador de Ruyter,Ambassador
899,Category:The Tower of the Swallow characters,Andres Vierny,Andres
900,Category:The Tower of the Swallow characters,Angoulême,Angoulême
901,Category:The Tower of the Swallow characters,Anna Henrietta,Anna
902,Category:The Tower of the Swallow characters,Ardal aep Dahy,Ardal
903,Category:The Tower of the Swallow characters,Aristide Vermuellen,Aristide
904,Category:The Tower of the Swallow characters,Asa Thjazi,Asa
905,Category:The Tower of the Swallow characters,Asse,Asse
906,Category:The Tower of the Swallow characters,Assire var Anahid,Assire
907,Category:The Tower of the Swallow characters,Avallac'h,Avallac'h
908,Category:The Tower of the Swallow characters,Baron of Casadei,Baron
909,Category:The Tower of the Swallow characters,Benda,Benda
910,Category:The Tower of the Swallow characters,Bert Brigden,Bert
911,Category:The Tower of the Swallow characters,Big Lothar,Big
912,Category:The Tower of the Swallow characters,Billy Goat ,Billy
913,Category:The Tower of the Swallow characters,Blanka,Blanka
914,Category:The Tower of the Swallow characters,Boreas Mun,Boreas
915,Category:The Tower of the Swallow characters,Bran Tuirseach,Bran
916,Category:The Tower of the Swallow characters,Bucephalus,Bucephalus
917,Category:The Tower of the Swallow characters,Buyvid Backhuysen,Buyvid
918,Category:The Tower of the Swallow characters,Cahir Mawr Dyffryn aep Ceallach,Cahir
919,Category:The Tower of the Swallow characters,Calanthe,Calanthe
920,Category:The Tower of the Swallow characters,Carthia van Canten,Carthia
921,Category:The Tower of the Swallow characters,Ceallach aep Gruffyd,Ceallach
922,Category:The Tower of the Swallow characters,Chloe Stitz,Chloe
923,Category:The Tower of the Swallow characters,Ciri,Ciri
924,Category:The Tower of the Swallow characters,Cirilla Fiona ,Cirilla
925,Category:The Tower of the Swallow characters,Codringher,Codringher
926,Category:The Tower of the Swallow characters,Coën,Coën
927,Category:The Tower of the Swallow characters,Crach an Craite,Crach
928,Category:The Tower of the Swallow characters,Cregennan of Lod,Cregennan
929,Category:The Tower of the Swallow characters,Cyprian Fripp the elder,Cyprian
930,Category:The Tower of the Swallow characters,Cyprian Fripp the younger,Cyprian
931,Category:The Tower of the Swallow characters,D'Arvy,D'Arvy
932,Category:The Tower of the Swallow characters,Dacre Silifant,Dacre
933,Category:The Tower of the Swallow characters,Dandelion,Dandelion
934,Category:The Tower of the Swallow characters,Daniel Etcheverry,Daniel
935,Category:The Tower of the Swallow characters,Debora,Debora
936,Category:The Tower of the Swallow characters,Declan Ros aep Maelchlad,Declan
937,Category:The Tower of the Swallow characters,Dede Vargas,Dede
938,Category:The Tower of the Swallow characters,Demavend III,Demavend
939,Category:The Tower of the Swallow characters,Dominik Bombastus Houvenaghel,Dominik
940,Category:The Tower of the Swallow characters,Draakul,Draakul
941,Category:The Tower of the Swallow characters,Dufficey Kriel,Dufficey
942,Category:The Tower of the Swallow characters,Effenberg,Effenberg
943,Category:The Tower of the Swallow characters,Eist Tuirseach,Eist
944,Category:The Tower of the Swallow characters,Emhyr var Emreis,Emhyr
945,Category:The Tower of the Swallow characters,Emiel Regis Rohellec Terzieff-Godefroy,Emiel
946,Category:The Tower of the Swallow characters,Eredin Bréacc Glas,Eredin
947,Category:The Tower of the Swallow characters,Eskel,Eskel
948,Category:The Tower of the Swallow characters,Esterad Thyssen,Esterad
949,Category:The Tower of the Swallow characters,Esterhazy,Esterhazy
950,Category:The Tower of the Swallow characters,Esteril Thyssen,Esteril
951,Category:The Tower of the Swallow characters,Eurneid,Eurneid
952,Category:The Tower of the Swallow characters,Fabio Sachs,Fabio
953,Category:The Tower of the Swallow characters,Falka ,Falka
954,Category:The Tower of the Swallow characters,Fergus var Emreis,Fergus
955,Category:The Tower of the Swallow characters,Flourens Delannoy,Flourens
956,Category:The Tower of the Swallow characters,Fringilla Vigo,Fringilla
957,Category:The Tower of the Swallow characters,Fulko Artevelde,Fulko
958,Category:The Tower of the Swallow characters,Gabriel ,Gabriel
959,Category:The Tower of the Swallow characters,Gaudemunda Thyssen,Gaudemunda
960,Category:The Tower of the Swallow characters,Gedovius Troyden,Gedovius
961,Category:The Tower of the Swallow characters,Gemma,Gemma
962,Category:The Tower of the Swallow characters,Geoffrey Monck,Geoffrey
963,Category:The Tower of the Swallow characters,Geralt of Rivia,Geralt
964,Category:The Tower of the Swallow characters,Gerard Troyden,Gerard
965,Category:The Tower of the Swallow characters,Giselher,Giselher
966,Category:The Tower of the Swallow characters,Golan Drozdeck,Golan
967,Category:The Tower of the Swallow characters,Gosta,Gosta
968,Category:The Tower of the Swallow characters,Goulue,Goulue
969,Category:The Tower of the Swallow characters,Guiscard Vermuellen,Guiscard
970,Category:The Tower of the Swallow characters,Guthlaf,Guthlaf
971,Category:The Tower of the Swallow characters,Henselt,Henselt
972,Category:The Tower of the Swallow characters,Hjalmar an Craite,Hjalmar
973,Category:The Tower of the Swallow characters,Homer Straggen,Homer
974,Category:The Tower of the Swallow characters,Horsehide,Horsehide
975,Category:The Tower of the Swallow characters,Hotspurn,Hotspurn
976,Category:The Tower of the Swallow characters,Iola,Iola
977,Category:The Tower of the Swallow characters,Iola the Second,Iola
978,Category:The Tower of the Swallow characters,Iskra,Iskra
979,Category:The Tower of the Swallow characters,Ithlinne,Ithlinne
980,Category:The Tower of the Swallow characters,Jacob Fenn,Jacob
981,Category:The Tower of the Swallow characters,Jan Calveit,Jan
982,Category:The Tower of the Swallow characters,Jan Cronin,Jan
983,Category:The Tower of the Swallow characters,Jarre,Jarre
984,Category:The Tower of the Swallow characters,Jediah Mekesser,Jediah
985,Category:The Tower of the Swallow characters,Joachim de Wett,Joachim
986,Category:The Tower of the Swallow characters,Joanna Selborne,Joanna
987,Category:The Tower of the Swallow characters,Juan Gutierrez,Juan
988,Category:The Tower of the Swallow characters,Julia Abatemarco,Julia
989,Category:The Tower of the Swallow characters,Kabernik Turent,Kabernik
990,Category:The Tower of the Swallow characters,Kamil Ronstetter,Kamil
991,Category:The Tower of the Swallow characters,Katje,Katje
992,Category:The Tower of the Swallow characters,Kaveri,Kaveri
993,Category:The Tower of the Swallow characters,Kayleigh,Kayleigh
994,Category:The Tower of the Swallow characters,Kelpie ,Kelpie
995,Category:The Tower of the Swallow characters,Kohut,Kohut
996,Category:The Tower of the Swallow characters,Lady de Lisemore,Lady
997,Category:The Tower of the Swallow characters,Lambert,Lambert
998,Category:The Tower of the Swallow characters,Lara Dorren,Lara
999,Category:The Tower of the Swallow characters,Lebioda,Lebioda
1000,Category:The Tower of the Swallow characters,Leo Bonhart,Leo
1001,Category:The Tower of the Swallow characters,Lorenzo Molla,Lorenzo
1002,Category:The Tower of the Swallow characters,Lydia van Bredevoort,Lydia
1003,Category:The Tower of the Swallow characters,Mad Deï,Mad
1004,Category:The Tower of the Swallow characters,Margarita Laux-Antille,Margarita
1005,Category:The Tower of the Swallow characters,Marie de Mercey,Marie
1006,Category:The Tower of the Swallow characters,Markus Braibant,Markus
1007,Category:The Tower of the Swallow characters,Marquard,Marquard
1008,Category:The Tower of the Swallow characters,Marquis de Mercey,Marquis
1009,Category:The Tower of the Swallow characters,Matilda de Nementh-Uyvar,Matilda
1010,Category:The Tower of the Swallow characters,Matted Hair,Matted
1011,Category:The Tower of the Swallow characters,Mawr var Anahid,Mawr
1012,Category:The Tower of the Swallow characters,Menno Coehoorn,Menno
1013,Category:The Tower of the Swallow characters,Meve,Meve
1014,Category:The Tower of the Swallow characters,Michael de Noailles,Michael
1015,Category:The Tower of the Swallow characters,Milo Vanderbeck,Milo
1016,Category:The Tower of the Swallow characters,Milton de Peyrac-Peyran,Milton
1017,Category:The Tower of the Swallow characters,Milva,Milva
1018,Category:The Tower of the Swallow characters,Mistle,Mistle
1019,Category:The Tower of the Swallow characters,Muchomorek,Muchomorek
1020,Category:The Tower of the Swallow characters,Myrrha,Myrrha
1021,Category:The Tower of the Swallow characters,Nenneke,Nenneke
1022,Category:The Tower of the Swallow characters,Neratin Ceka,Neratin
1023,Category:The Tower of the Swallow characters,Novosad,Novosad
1024,Category:The Tower of the Swallow characters,Nycklar,Nycklar
1025,Category:The Tower of the Swallow characters,Ola Harsheim,Ola
1026,Category:The Tower of the Swallow characters,Paulie Dahlberg,Paulie
1027,Category:The Tower of the Swallow characters,Pennycuick,Pennycuick
1028,Category:The Tower of the Swallow characters,Philippa Eilhart,Philippa
1029,Category:The Tower of the Swallow characters,Prine,Prine
1030,Category:The Tower of the Swallow characters,Radcliffe,Radcliffe
1031,Category:The Tower of the Swallow characters,Radovid I,Radovid
1032,Category:The Tower of the Swallow characters,Radovid III,Radovid
1033,Category:The Tower of the Swallow characters,Radovid V,Radovid
1034,Category:The Tower of the Swallow characters,Raymund,Raymund
1035,Category:The Tower of the Swallow characters,Reef,Reef
1036,Category:The Tower of the Swallow characters,Reynart de Bois-Fresnes,Reynart
1037,Category:The Tower of the Swallow characters,Rhyd,Rhyd
1038,Category:The Tower of the Swallow characters,Riannon,Riannon
1039,Category:The Tower of the Swallow characters,Rience,Rience
1040,Category:The Tower of the Swallow characters,Rispat La Pointe,Rispat
1041,Category:The Tower of the Swallow characters,Roach,Roach
1042,Category:The Tower of the Swallow characters,Roderick de Novembre,Roderick
1043,Category:The Tower of the Swallow characters,Rupert ,Rupert
1044,Category:The Tower of the Swallow characters,Scarra sisters,Scarra
1045,Category:The Tower of the Swallow characters,Schirrú,Schirrú
1046,Category:The Tower of the Swallow characters,Schliemann,Schliemann
1047,Category:The Tower of the Swallow characters,Sheala de Tancarville,Sheala
1048,Category:The Tower of the Swallow characters,Sigismund Dijkstra,Sigismund
1049,Category:The Tower of the Swallow characters,Sigrdrifa,Sigrdrifa
1050,Category:The Tower of the Swallow characters,Stavro,Stavro
1051,Category:The Tower of the Swallow characters,Stigward,Stigward
1052,Category:The Tower of the Swallow characters,Surcratasse,Surcratasse
1053,Category:The Tower of the Swallow characters,Sven ,Sven
1054,Category:The Tower of the Swallow characters,Talbot,Talbot
1055,Category:The Tower of the Swallow characters,Tankred Thyssen,Tankred
1056,Category:The Tower of the Swallow characters,Til Echrade,Til
1057,Category:The Tower of the Swallow characters,Tissaia de Vries,Tissaia
1058,Category:The Tower of the Swallow characters,Torres var Emreis,Torres
1059,Category:The Tower of the Swallow characters,Triss Merigold,Triss
1060,Category:The Tower of the Swallow characters,Troyden,Troyden
1061,Category:The Tower of the Swallow characters,Valdez,Valdez
1062,Category:The Tower of the Swallow characters,Vattier de Rideaux,Vattier
1063,Category:The Tower of the Swallow characters,Vesemir,Vesemir
1064,Category:The Tower of the Swallow characters,Vilgefortz,Vilgefortz
1065,Category:The Tower of the Swallow characters,Vissegerd,Vissegerd
1066,Category:The Tower of the Swallow characters,Vizimir II,Vizimir
1067,Category:The Tower of the Swallow characters,Vysogota of Corvo,Vysogota
1068,Category:The Tower of the Swallow characters,Walter Beda,Walter
1069,Category:The Tower of the Swallow characters,Weasel,Weasel
1070,Category:The Tower of the Swallow characters,Windsor Imbra,Windsor
1071,Category:The Tower of the Swallow characters,Xarthisius,Xarthisius
1072,Category:The Tower of the Swallow characters,Yarpen Zigrin,Yarpen
1073,Category:The Tower of the Swallow characters,Yennefer of Vengerberg,Yennefer
1074,Category:The Tower of the Swallow characters,Yirrel,Yirrel
1075,Category:The Tower of the Swallow characters,Yuz Jannowitz,Yuz
1076,Category:The Tower of the Swallow characters,Zdyb,Zdyb
1077,Category:The Tower of the Swallow characters,Zuleyka,Zuleyka
1078,Category:The Tower of the Swallow characters,Zyvik,Zyvik
1079,Category:Time of Contempt characters,Abdank,Abdank
1080,Category:Time of Contempt characters,Agnes of Glanville,Agnes
1081,Category:Time of Contempt characters,Aine Dermott,Aine
1082,Category:Time of Contempt characters,Akerspaark,Akerspaark
1083,Category:Time of Contempt characters,Akerspaark's children,Akerspaark's
1084,Category:Time of Contempt characters,Alia Akerspaark,Alia
1085,Category:Time of Contempt characters,Aplegatt,Aplegatt
1086,Category:Time of Contempt characters,April Wenhaver,April
1087,Category:Time of Contempt characters,Ardal aep Dahy,Ardal
1088,Category:Time of Contempt characters,Argentina Akerspaark,Argentina
1089,Category:Time of Contempt characters,Artaud Terranova,Artaud
1090,Category:Time of Contempt characters,Asse,Asse
1091,Category:Time of Contempt characters,Audegast,Audegast
1092,Category:Time of Contempt characters,Augusta Wagner,Augusta
1093,Category:Time of Contempt characters,Aurora Henson,Aurora
1094,Category:Time of Contempt characters,Bernie Hofmeier,Bernie
1095,Category:Time of Contempt characters,Bianca d'Este,Bianca
1096,Category:Time of Contempt characters,Blaise,Blaise
1097,Category:Time of Contempt characters,Blue Knight,Blue
1098,Category:Time of Contempt characters,Bode,Bode
1099,Category:Time of Contempt characters,Bronibor,Bronibor
1100,Category:Time of Contempt characters,Cahir Mawr Dyffryn aep Ceallach,Cahir
1101,Category:Time of Contempt characters,Cairbre aep Diared,Cairbre
1102,Category:Time of Contempt characters,Calanthe,Calanthe
1103,Category:Time of Contempt characters,Carduin,Carduin
1104,Category:Time of Contempt characters,Carla Demetia Crest,Carla
1105,Category:Time of Contempt characters,Ceallach aep Gruffyd,Ceallach
1106,Category:Time of Contempt characters,Cinia Hofmeier,Cinia
1107,Category:Time of Contempt characters,Ciri,Ciri
1108,Category:Time of Contempt characters,Cirilla Fiona ,Cirilla
1109,Category:Time of Contempt characters,Clara aep Gwydolyn Gor,Clara
1110,Category:Time of Contempt characters,Codringher,Codringher
1111,Category:Time of Contempt characters,Coën,Coën
1112,Category:Time of Contempt characters,Cregennan of Lod,Cregennan
1113,Category:Time of Contempt characters,Dagorad,Dagorad
1114,Category:Time of Contempt characters,Dandelion,Dandelion
1115,Category:Time of Contempt characters,Demavend III,Demavend
1116,Category:Time of Contempt characters,Dervla Tryffin Broinne,Dervla
1117,Category:Time of Contempt characters,Detmold,Detmold
1118,Category:Time of Contempt characters,Digod,Digod
1119,Category:Time of Contempt characters,Dorregaray,Dorregaray
1120,Category:Time of Contempt characters,Drithelm,Drithelm
1121,Category:Time of Contempt characters,Effenberg,Effenberg
1122,Category:Time of Contempt characters,Eist Tuirseach,Eist
1123,Category:Time of Contempt characters,Elan Trahe,Elan
1124,Category:Time of Contempt characters,Elen of Kaedwen,Elen
1125,Category:Time of Contempt characters,Emhyr var Emreis,Emhyr
1126,Category:Time of Contempt characters,Eredin Bréacc Glas,Eredin
1127,Category:Time of Contempt characters,Ervyll,Ervyll
1128,Category:Time of Contempt characters,Eskel,Eskel
1129,Category:Time of Contempt characters,Esterad Thyssen,Esterad
1130,Category:Time of Contempt characters,Ethain,Ethain
1131,Category:Time of Contempt characters,Ettariel,Ettariel
1132,Category:Time of Contempt characters,Evan Helvet,Evan
1133,Category:Time of Contempt characters,Fabio Sachs,Fabio
1134,Category:Time of Contempt characters,Fabio Sachs ,Fabio
1135,Category:Time of Contempt characters,Falka,Falka
1136,Category:Time of Contempt characters,Falka ,Falka
1137,Category:Time of Contempt characters,Fauve,Fauve
1138,Category:Time of Contempt characters,Fercart,Fercart
1139,Category:Time of Contempt characters,Filavandrel aén Fidháil,Filavandrel
1140,Category:Time of Contempt characters,Fiona,Fiona
1141,Category:Time of Contempt characters,Flavius Michelet,Flavius
1142,Category:Time of Contempt characters,Flourens Delannoy,Flourens
1143,Category:Time of Contempt characters,Foltest,Foltest
1144,Category:Time of Contempt characters,Francesca Findabair,Francesca
1145,Category:Time of Contempt characters,Franklin Hofmeier,Franklin
1146,Category:Time of Contempt characters,Geoffrey Monck,Geoffrey
1147,Category:Time of Contempt characters,Geralt of Rivia,Geralt
1148,Category:Time of Contempt characters,Gerhart of Aelle,Gerhart
1149,Category:Time of Contempt characters,Giambattista,Giambattista
1150,Category:Time of Contempt characters,Giselher,Giselher
1151,Category:Time of Contempt characters,Godyvron Pitcairn,Godyvron
1152,Category:Time of Contempt characters,Gonzalez Akerspaark,Gonzalez
1153,Category:Time of Contempt characters,Gorazd,Gorazd
1154,Category:Time of Contempt characters,Gorm Akerspaark,Gorm
1155,Category:Time of Contempt characters,Hansom,Hansom
1156,Category:Time of Contempt characters,Hedwig of Malleore,Hedwig
1157,Category:Time of Contempt characters,Heimo Kantor,Heimo
1158,Category:Time of Contempt characters,Henselt,Henselt
1159,Category:Time of Contempt characters,Herbert Stammelford,Herbert
1160,Category:Time of Contempt characters,Hereward,Hereward
1161,Category:Time of Contempt characters,Horm Akerspaark,Horm
1162,Category:Time of Contempt characters,Hoët,Hoët
1163,Category:Time of Contempt characters,Hrafnir,Hrafnir
1164,Category:Time of Contempt characters,Hugo Ansbach,Hugo
1165,Category:Time of Contempt characters,Ihuarraquax,Ihuarraquax
1166,Category:Time of Contempt characters,Ilona Laux-Antille,Ilona
1167,Category:Time of Contempt characters,Immanuel Benavent,Immanuel
1168,Category:Time of Contempt characters,Iskra,Iskra
1169,Category:Time of Contempt characters,Ithlinne,Ithlinne
1170,Category:Time of Contempt characters,Ivo Richert,Ivo
1171,Category:Time of Contempt characters,Jacob Fenn,Jacob
1172,Category:Time of Contempt characters,Jada Glevissig,Jada
1173,Category:Time of Contempt characters,Jan Bekker,Jan
1174,Category:Time of Contempt characters,Jan Calveit,Jan
1175,Category:Time of Contempt characters,Jarre,Jarre
1176,Category:Time of Contempt characters,Joachim de Wett,Joachim
1177,Category:Time of Contempt characters,Justin Ingvar,Justin
1178,Category:Time of Contempt characters,Kayleigh,Kayleigh
1179,Category:Time of Contempt characters,Keira Metz,Keira
1180,Category:Time of Contempt characters,King of the Wild Hunt,King
1181,Category:Time of Contempt characters,Klara Larissa de Winter,Klara
1182,Category:Time of Contempt characters,Korin,Korin
1183,Category:Time of Contempt characters,Kraska,Kraska
1184,Category:Time of Contempt characters,Lambert,Lambert
1185,Category:Time of Contempt characters,Lara Dorren,Lara
1186,Category:Time of Contempt characters,Lars,Lars
1187,Category:Time of Contempt characters,Leila,Leila
1188,Category:Time of Contempt characters,Leticia Charbonneau,Leticia
1189,Category:Time of Contempt characters,Little Yaxa,Little
1190,Category:Time of Contempt characters,Lodovico Michelet,Lodovico
1191,Category:Time of Contempt characters,Lutz,Lutz
1192,Category:Time of Contempt characters,Lydia van Bredevoort,Lydia
1193,Category:Time of Contempt characters,Malvina Akerspaark,Malvina
1194,Category:Time of Contempt characters,Mansfeld,Mansfeld
1195,Category:Time of Contempt characters,Marder,Marder
1196,Category:Time of Contempt characters,Margarita Laux-Antille,Margarita
1197,Category:Time of Contempt characters,Markus Braibant,Markus
1198,Category:Time of Contempt characters,Marquard,Marquard
1199,Category:Time of Contempt characters,Marti Södergren,Marti
1200,Category:Time of Contempt characters,Menno Coehoorn,Menno
1201,Category:Time of Contempt characters,Meve,Meve
1202,Category:Time of Contempt characters,Michael Glomb,Michael
1203,Category:Time of Contempt characters,Michelet brothers,Michelet
1204,Category:Time of Contempt characters,Milan Raupenneck,Milan
1205,Category:Time of Contempt characters,Millet,Millet
1206,Category:Time of Contempt characters,Milva,Milva
1207,Category:Time of Contempt characters,Mistle,Mistle
1208,Category:Time of Contempt characters,Molnar Giancardi,Molnar
1209,Category:Time of Contempt characters,Morvran Voorhis,Morvran
1210,Category:Time of Contempt characters,Nazarian,Nazarian
1211,Category:Time of Contempt characters,Nenneke,Nenneke
1212,Category:Time of Contempt characters,Niedamir,Niedamir
1213,Category:Time of Contempt characters,Nina Akerspaark,Nina
1214,Category:Time of Contempt characters,Nina Fioravanti,Nina
1215,Category:Time of Contempt characters,Nitert,Nitert
1216,Category:Time of Contempt characters,Nora Wagner,Nora
1217,Category:Time of Contempt characters,Orm Akerspaark,Orm
1218,Category:Time of Contempt characters,Paulie Dahlberg,Paulie
1219,Category:Time of Contempt characters,Paulina Akerspaark,Paulina
1220,Category:Time of Contempt characters,Pavetta,Pavetta
1221,Category:Time of Contempt characters,Pegasus,Pegasus
1222,Category:Time of Contempt characters,Peter Evertsen,Peter
1223,Category:Time of Contempt characters,Petunia Hofmeier,Petunia
1224,Category:Time of Contempt characters,Philippa Eilhart,Philippa
1225,Category:Time of Contempt characters,Radcliffe,Radcliffe
1226,Category:Time of Contempt characters,Radmir,Radmir
1227,Category:Time of Contempt characters,Raffard the White,Raffard
1228,Category:Time of Contempt characters,Ralf Blunden,Ralf
1229,Category:Time of Contempt characters,Ransant Alvaro,Ransant
1230,Category:Time of Contempt characters,Rayla,Rayla
1231,Category:Time of Contempt characters,Reef,Reef
1232,Category:Time of Contempt characters,Rejean,Rejean
1233,Category:Time of Contempt characters,Remiz,Remiz
1234,Category:Time of Contempt characters,Rience,Rience
1235,Category:Time of Contempt characters,Rizzi Michelet,Rizzi
1236,Category:Time of Contempt characters,Roach,Roach
1237,Category:Time of Contempt characters,Roderick de Novembre,Roderick
1238,Category:Time of Contempt characters,Roegner of Ebbing,Roegner
1239,Category:Time of Contempt characters,Rudiger,Rudiger
1240,Category:Time of Contempt characters,Sabrina Glevissig,Sabrina
1241,Category:Time of Contempt characters,Schirrú,Schirrú
1242,Category:Time of Contempt characters,Sigismund Dijkstra,Sigismund
1243,Category:Time of Contempt characters,Sir Sweers,Sir
1244,Category:Time of Contempt characters,Skomlik,Skomlik
1245,Category:Time of Contempt characters,Stahler,Stahler
1246,Category:Time of Contempt characters,Stefan Skellen,Stefan
1247,Category:Time of Contempt characters,Stella Congreve,Stella
1248,Category:Time of Contempt characters,Talbot,Talbot
1249,Category:Time of Contempt characters,Tangerinka Hofmeier,Tangerinka
1250,Category:Time of Contempt characters,Tissaia de Vries,Tissaia
1251,Category:Time of Contempt characters,Torm Akerspaark,Torm
1252,Category:Time of Contempt characters,Toruviel,Toruviel
1253,Category:Time of Contempt characters,Toublanc Michelet,Toublanc
1254,Category:Time of Contempt characters,Triss Merigold,Triss
1255,Category:Time of Contempt characters,Two Tusks,Two
1256,Category:Time of Contempt characters,Valia Akerspaark,Valia
1257,Category:Time of Contempt characters,Vattier de Rideaux,Vattier
1258,Category:Time of Contempt characters,Venzlav,Venzlav
1259,Category:Time of Contempt characters,Vercta,Vercta
1260,Category:Time of Contempt characters,Vesemir,Vesemir
1261,Category:Time of Contempt characters,Vilgefortz,Vilgefortz
1262,Category:Time of Contempt characters,Villis,Villis
1263,Category:Time of Contempt characters,Vissegerd,Vissegerd
1264,Category:Time of Contempt characters,Vizimir II,Vizimir
1265,Category:Time of Contempt characters,Voymir ,Voymir
1266,Category:Time of Contempt characters,Wilfli,Wilfli
1267,Category:Time of Contempt characters,Willemer,Willemer
1268,Category:Time of Contempt characters,Xarthisius,Xarthisius
1269,Category:Time of Contempt characters,Yaevinn,Yaevinn
1270,Category:Time of Contempt characters,Yanna of Murivel,Yanna
1271,Category:Time of Contempt characters,Yarpen Zigrin,Yarpen
1272,Category:Time of Contempt characters,Yennefer of Vengerberg,Yennefer
1273,Category:Time of Contempt characters,Yiolenta Suarez,Yiolenta
1274,Category:Time of Contempt characters,Zyvik,Zyvik
